race_ethnicity,demographic parity,true positive rate,false positive rate,accuracy,balanced accuracy,f1 score,AUC
Hispanic,0.30391547545059044,0.8,0.23046735640385302,0.7734617775015538,0.7847663217980736,0.47666905958363254,0.7847663217980735
White,0.7988721804511278,0.8579098067287043,0.3844221105527638,0.8276942355889725,0.7367438480879702,0.8970808383233532,0.7367438480879702
