race_ethnicity,demographic parity,true positive rate,false positive rate,accuracy,balanced accuracy,f1 score,AUC
Hispanic,0.10737840065952185,0.6619496855345912,0.023719165085388995,0.935078318219291,0.8191152602246011,0.7277441659464132,0.8191152602246011
White,0.9172790258240605,0.9863571086644327,0.4239316239316239,0.9359647281125342,0.7812127423664044,0.9643149643149642,0.7812127423664043
